{
    "$schema": "https://schema.management.azure.com/schemas/2015-01-01/deploymentParameters.json#",
    "contentVersion": "1.0.0.0",
    "parameters": {
        "location": {
            "value": "westeurope"
        },
        "virtualMachineName": {
            "value": "os-devrds"
        },
        "virtualMachineSize": {
            "value": "Standard_A2_v2"
        },
        "adminUsername": {
            "value": "localadmin"
        },
        "storageAccountName": {
            "value": "rs276pw7y42hkadsa"
        },
        "virtualNetworkName": {
            "value": "adVNET"
        },
        "networkInterfaceName": {
            "value": "os-devrds451"
        },
        "networkSecurityGroupName": {
            "value": "os-devrds-nsg"
        },
        "adminPassword": {
            "value": null
        },
        "diagnosticsStorageAccountName": {
            "value": "diagilweqkgwnvwhm"
        },
        "diagnosticsStorageAccountId": {
            "value": "/subscriptions/414f50db-8a8b-4cca-a285-4d4aa7d95c89/resourceGroups/os-storage/providers/Microsoft.Storage/storageAccounts/diagilweqkgwnvwhm"
        },
        "subnetName": {
            "value": "adSubnet"
        },
        "publicIpAddressName": {
            "value": "os-devrds-ip"
        },
        "publicIpAddressType": {
            "value": "Dynamic"
        }
    }
}